-- MySQL Script generated by MySQL Workbench
-- Tue Apr  5 13:26:40 2022
-- Model: New Model    Version: 1.0
-- MySQL Workbench Forward Engineering

SET @OLD_UNIQUE_CHECKS=@@UNIQUE_CHECKS, UNIQUE_CHECKS=0;
SET @OLD_FOREIGN_KEY_CHECKS=@@FOREIGN_KEY_CHECKS, FOREIGN_KEY_CHECKS=0;
SET @OLD_SQL_MODE=@@SQL_MODE, SQL_MODE='ONLY_FULL_GROUP_BY,STRICT_TRANS_TABLES,NO_ZERO_IN_DATE,NO_ZERO_DATE,ERROR_FOR_DIVISION_BY_ZERO,NO_ENGINE_SUBSTITUTION';

-- -----------------------------------------------------
-- Schema Hogwarts
-- -----------------------------------------------------
DROP SCHEMA IF EXISTS `Hogwarts` ;

-- -----------------------------------------------------
-- Schema Hogwarts
-- -----------------------------------------------------
CREATE SCHEMA IF NOT EXISTS `Hogwarts` DEFAULT CHARACTER SET utf8 ;
SHOW WARNINGS;
USE `Hogwarts` ;

-- -----------------------------------------------------
-- Table `Hogwarts`.`Enrolement`
-- -----------------------------------------------------
DROP TABLE IF EXISTS `Hogwarts`.`Enrolement` ;

SHOW WARNINGS;
CREATE TABLE IF NOT EXISTS `Hogwarts`.`Enrolement` (
  `Student_Person_idPerson` INT NOT NULL,
  `Subject_idSubject` INT NOT NULL,
  PRIMARY KEY (`Student_Person_idPerson`, `Subject_idSubject`),
  CONSTRAINT `fk_Student_has_Subject_Student1`
    FOREIGN KEY (`Student_Person_idPerson`)
    REFERENCES `Hogwarts`.`Student` (`Person_idPerson`)
    ON DELETE NO ACTION
    ON UPDATE NO ACTION,
  CONSTRAINT `fk_Student_has_Subject_Subject1`
    FOREIGN KEY (`Subject_idSubject`)
    REFERENCES `Hogwarts`.`Subject` (`idSubject`)
    ON DELETE NO ACTION
    ON UPDATE NO ACTION)
ENGINE = InnoDB;

SHOW WARNINGS;
CREATE INDEX `fk_Student_has_Subject_Subject1_idx` ON `Hogwarts`.`Enrolement` (`Subject_idSubject` ASC) VISIBLE;

SHOW WARNINGS;
CREATE INDEX `fk_Student_has_Subject_Student1_idx` ON `Hogwarts`.`Enrolement` (`Student_Person_idPerson` ASC) VISIBLE;

SHOW WARNINGS;

-- -----------------------------------------------------
-- Table `Hogwarts`.`House`
-- -----------------------------------------------------
DROP TABLE IF EXISTS `Hogwarts`.`House` ;

SHOW WARNINGS;
CREATE TABLE IF NOT EXISTS `Hogwarts`.`House` (
  `idHouse` INT NOT NULL AUTO_INCREMENT,
  `name` VARCHAR(45) NOT NULL,
  `founder` VARCHAR(45) NOT NULL,
  `animal` VARCHAR(45) NOT NULL,
  `ghost` VARCHAR(45) NOT NULL,
  `location` VARCHAR(45) NOT NULL,
  PRIMARY KEY (`idHouse`))
ENGINE = InnoDB;

SHOW WARNINGS;

-- -----------------------------------------------------
-- Table `Hogwarts`.`House_Points`
-- -----------------------------------------------------
DROP TABLE IF EXISTS `Hogwarts`.`House_Points` ;

SHOW WARNINGS;
CREATE TABLE IF NOT EXISTS `Hogwarts`.`House_Points` (
  `year` INT NULL,
  `points` INT NULL,
  `type` ENUM("Deduction", "Addition") NULL,
  `reason` VARCHAR(200) NULL,
  `Student_Person_idPerson1` INT NOT NULL,
  CONSTRAINT `fk_Point_Student1`
    FOREIGN KEY (`Student_Person_idPerson1`)
    REFERENCES `Hogwarts`.`Student` (`Person_idPerson`)
    ON DELETE NO ACTION
    ON UPDATE NO ACTION)
ENGINE = InnoDB;

SHOW WARNINGS;
CREATE INDEX `fk_Point_Student1_idx` ON `Hogwarts`.`House_Points` (`Student_Person_idPerson1` ASC) VISIBLE;

SHOW WARNINGS;

-- -----------------------------------------------------
-- Table `Hogwarts`.`Member`
-- -----------------------------------------------------
DROP TABLE IF EXISTS `Hogwarts`.`Member` ;

SHOW WARNINGS;
CREATE TABLE IF NOT EXISTS `Hogwarts`.`Member` (
  `Person_idPerson` INT NOT NULL,
  `Quidditch_Team_idQuidditch` INT NOT NULL,
  `Position_idPosition` INT NOT NULL,
  PRIMARY KEY (`Person_idPerson`, `Quidditch_Team_idQuidditch`, `Position_idPosition`),
  CONSTRAINT `fk_Member_Quidditch_Team1`
    FOREIGN KEY (`Quidditch_Team_idQuidditch`)
    REFERENCES `Hogwarts`.`Quidditch_Team` (`idQuidditch`)
    ON DELETE NO ACTION
    ON UPDATE NO ACTION,
  CONSTRAINT `fk_Membership_Position1`
    FOREIGN KEY (`Position_idPosition`)
    REFERENCES `Hogwarts`.`Position` (`idPosition`)
    ON DELETE NO ACTION
    ON UPDATE NO ACTION,
  CONSTRAINT `fk_Membership_Student1`
    FOREIGN KEY (`Person_idPerson`)
    REFERENCES `Hogwarts`.`Student` (`Person_idPerson`)
    ON DELETE CASCADE
    ON UPDATE NO ACTION)
ENGINE = InnoDB;

SHOW WARNINGS;
CREATE INDEX `fk_Membership_Position1_idx` ON `Hogwarts`.`Member` (`Position_idPosition` ASC) VISIBLE;

SHOW WARNINGS;
CREATE INDEX `fk_Membership_Student1_idx` ON `Hogwarts`.`Member` (`Person_idPerson` ASC) VISIBLE;

SHOW WARNINGS;

-- -----------------------------------------------------
-- Table `Hogwarts`.`Person`
-- -----------------------------------------------------
DROP TABLE IF EXISTS `Hogwarts`.`Person` ;

SHOW WARNINGS;
CREATE TABLE IF NOT EXISTS `Hogwarts`.`Person` (
  `idPerson` INT NOT NULL AUTO_INCREMENT,
  `first_name` VARCHAR(20) NOT NULL,
  `name` VARCHAR(20) NOT NULL,
  `birthyear` INT NOT NULL,
  `gender` ENUM("male", "female") NOT NULL,
  `blood_purity` ENUM("half-blood", "muggle-born", "pure-blood", "squib") NOT NULL,
  PRIMARY KEY (`idPerson`))
ENGINE = InnoDB;

SHOW WARNINGS;

-- -----------------------------------------------------
-- Table `Hogwarts`.`Position`
-- -----------------------------------------------------
DROP TABLE IF EXISTS `Hogwarts`.`Position` ;

SHOW WARNINGS;
CREATE TABLE IF NOT EXISTS `Hogwarts`.`Position` (
  `idPosition` INT NOT NULL AUTO_INCREMENT,
  `position` VARCHAR(20) NULL,
  PRIMARY KEY (`idPosition`))
ENGINE = InnoDB;

SHOW WARNINGS;

-- -----------------------------------------------------
-- Table `Hogwarts`.`Quidditch_Team`
-- -----------------------------------------------------
DROP TABLE IF EXISTS `Hogwarts`.`Quidditch_Team` ;

SHOW WARNINGS;
CREATE TABLE IF NOT EXISTS `Hogwarts`.`Quidditch_Team` (
  `idQuidditch` INT NOT NULL AUTO_INCREMENT,
  `name` VARCHAR(60) NULL,
  `House_idHouse` INT NOT NULL,
  PRIMARY KEY (`idQuidditch`, `House_idHouse`),
  CONSTRAINT `fk_Quidditch_Team_House1`
    FOREIGN KEY (`House_idHouse`)
    REFERENCES `Hogwarts`.`House` (`idHouse`)
    ON DELETE NO ACTION
    ON UPDATE CASCADE)
ENGINE = InnoDB;

SHOW WARNINGS;
CREATE INDEX `fk_Quidditch_Team_House1_idx` ON `Hogwarts`.`Quidditch_Team` (`House_idHouse` ASC) VISIBLE;

SHOW WARNINGS;

-- -----------------------------------------------------
-- Table `Hogwarts`.`Staff`
-- -----------------------------------------------------
DROP TABLE IF EXISTS `Hogwarts`.`Staff` ;

SHOW WARNINGS;
CREATE TABLE IF NOT EXISTS `Hogwarts`.`Staff` (
  `Person_idPerson` INT NOT NULL,
  `Subject_idSubject` INT NULL,
  `job` VARCHAR(30) NOT NULL,
  PRIMARY KEY (`Person_idPerson`),
  CONSTRAINT `fk_Staff_Subject1`
    FOREIGN KEY (`Subject_idSubject`)
    REFERENCES `Hogwarts`.`Subject` (`idSubject`)
    ON DELETE NO ACTION
    ON UPDATE NO ACTION,
  CONSTRAINT `fk_Staff_Person1`
    FOREIGN KEY (`Person_idPerson`)
    REFERENCES `Hogwarts`.`Person` (`idPerson`)
    ON DELETE NO ACTION
    ON UPDATE NO ACTION)
ENGINE = InnoDB;

SHOW WARNINGS;
CREATE INDEX `fk_Staff_Subject1_idx` ON `Hogwarts`.`Staff` (`Subject_idSubject` ASC) VISIBLE;

SHOW WARNINGS;
CREATE INDEX `fk_Staff_Person1_idx` ON `Hogwarts`.`Staff` (`Person_idPerson` ASC) VISIBLE;

SHOW WARNINGS;

-- -----------------------------------------------------
-- Table `Hogwarts`.`Student`
-- -----------------------------------------------------
DROP TABLE IF EXISTS `Hogwarts`.`Student` ;

SHOW WARNINGS;
CREATE TABLE IF NOT EXISTS `Hogwarts`.`Student` (
  `Person_idPerson` INT NOT NULL,
  `House_idHouse` INT NOT NULL,
  `favorite_subject` INT NULL,
  PRIMARY KEY (`Person_idPerson`, `House_idHouse`),
  CONSTRAINT `fk_Student_House1`
    FOREIGN KEY (`House_idHouse`)
    REFERENCES `Hogwarts`.`House` (`idHouse`)
    ON DELETE NO ACTION
    ON UPDATE NO ACTION,
  CONSTRAINT `fk_Student_Person1`
    FOREIGN KEY (`Person_idPerson`)
    REFERENCES `Hogwarts`.`Person` (`idPerson`)
    ON DELETE CASCADE
    ON UPDATE NO ACTION,
  CONSTRAINT `fk_Student_Subject1`
    FOREIGN KEY (`favorite_subject`)
    REFERENCES `Hogwarts`.`Subject` (`idSubject`)
    ON DELETE NO ACTION
    ON UPDATE NO ACTION)
ENGINE = InnoDB;

SHOW WARNINGS;
CREATE INDEX `fk_Student_House1_idx` ON `Hogwarts`.`Student` (`House_idHouse` ASC) VISIBLE;

SHOW WARNINGS;
CREATE INDEX `fk_Student_Person1_idx` ON `Hogwarts`.`Student` (`Person_idPerson` ASC) VISIBLE;

SHOW WARNINGS;
CREATE INDEX `fk_Student_Subject1_idx` ON `Hogwarts`.`Student` (`favorite_subject` ASC) VISIBLE;

SHOW WARNINGS;

-- -----------------------------------------------------
-- Table `Hogwarts`.`Subject`
-- -----------------------------------------------------
DROP TABLE IF EXISTS `Hogwarts`.`Subject` ;

SHOW WARNINGS;
CREATE TABLE IF NOT EXISTS `Hogwarts`.`Subject` (
  `idSubject` INT NOT NULL AUTO_INCREMENT,
  `name` VARCHAR(45) NOT NULL,
  PRIMARY KEY (`idSubject`))
ENGINE = InnoDB;

SHOW WARNINGS;

-- -----------------------------------------------------
-- Table `Hogwarts`.`Teacher`
-- -----------------------------------------------------
DROP TABLE IF EXISTS `Hogwarts`.`Teacher` ;

SHOW WARNINGS;
CREATE TABLE IF NOT EXISTS `Hogwarts`.`Teacher` (
  `Person_idPerson` INT NOT NULL,
  `Subject_idSubject` INT NOT NULL,
  `member_orden_pheonix` TINYINT NULL,
  PRIMARY KEY (`Person_idPerson`, `Subject_idSubject`),
  CONSTRAINT `fk_Teacher_Subject1`
    FOREIGN KEY (`Subject_idSubject`)
    REFERENCES `Hogwarts`.`Subject` (`idSubject`)
    ON DELETE NO ACTION
    ON UPDATE NO ACTION,
  CONSTRAINT `fk_Teacher_Person1`
    FOREIGN KEY (`Person_idPerson`)
    REFERENCES `Hogwarts`.`Person` (`idPerson`)
    ON DELETE NO ACTION
    ON UPDATE NO ACTION)
ENGINE = InnoDB;

SHOW WARNINGS;
CREATE INDEX `fk_Teacher_Subject1_idx` ON `Hogwarts`.`Teacher` (`Subject_idSubject` ASC) VISIBLE;

SHOW WARNINGS;
CREATE INDEX `fk_Teacher_Person1_idx` ON `Hogwarts`.`Teacher` (`Person_idPerson` ASC) VISIBLE;

SHOW WARNINGS;

-- -----------------------------------------------------
-- Data for table `Hogwarts`.`Enrolement`
-- -----------------------------------------------------
START TRANSACTION;
USE `Hogwarts`;
INSERT INTO `Hogwarts`.`Enrolement` (`Student_Person_idPerson`, `Subject_idSubject`) VALUES (1, 1);
INSERT INTO `Hogwarts`.`Enrolement` (`Student_Person_idPerson`, `Subject_idSubject`) VALUES (1, 2);
INSERT INTO `Hogwarts`.`Enrolement` (`Student_Person_idPerson`, `Subject_idSubject`) VALUES (1, 3);
INSERT INTO `Hogwarts`.`Enrolement` (`Student_Person_idPerson`, `Subject_idSubject`) VALUES (2, 1);
INSERT INTO `Hogwarts`.`Enrolement` (`Student_Person_idPerson`, `Subject_idSubject`) VALUES (2, 5);
INSERT INTO `Hogwarts`.`Enrolement` (`Student_Person_idPerson`, `Subject_idSubject`) VALUES (3, 1);
INSERT INTO `Hogwarts`.`Enrolement` (`Student_Person_idPerson`, `Subject_idSubject`) VALUES (3, 2);
INSERT INTO `Hogwarts`.`Enrolement` (`Student_Person_idPerson`, `Subject_idSubject`) VALUES (3, 3);
INSERT INTO `Hogwarts`.`Enrolement` (`Student_Person_idPerson`, `Subject_idSubject`) VALUES (2, 2);
INSERT INTO `Hogwarts`.`Enrolement` (`Student_Person_idPerson`, `Subject_idSubject`) VALUES (2, 3);
INSERT INTO `Hogwarts`.`Enrolement` (`Student_Person_idPerson`, `Subject_idSubject`) VALUES (2, 4);
INSERT INTO `Hogwarts`.`Enrolement` (`Student_Person_idPerson`, `Subject_idSubject`) VALUES (4, 3);
INSERT INTO `Hogwarts`.`Enrolement` (`Student_Person_idPerson`, `Subject_idSubject`) VALUES (4, 5);

COMMIT;


-- -----------------------------------------------------
-- Data for table `Hogwarts`.`House`
-- -----------------------------------------------------
START TRANSACTION;
USE `Hogwarts`;
INSERT INTO `Hogwarts`.`House` (`idHouse`, `name`, `founder`, `animal`, `ghost`, `location`) VALUES (DEFAULT, 'Gryffindor', 'Godric Gryffindor', 'Lion', 'Nearly-Headless Nick', 'Tower');
INSERT INTO `Hogwarts`.`House` (`idHouse`, `name`, `founder`, `animal`, `ghost`, `location`) VALUES (DEFAULT, 'Hufflepuff', 'Helga Hufflepuff', 'Badger', 'Fat Friar', 'Basement');
INSERT INTO `Hogwarts`.`House` (`idHouse`, `name`, `founder`, `animal`, `ghost`, `location`) VALUES (DEFAULT, 'Ravenclaw', 'Rowena Ravenclaw', 'Eagle', 'Grey Lady', 'Tower');
INSERT INTO `Hogwarts`.`House` (`idHouse`, `name`, `founder`, `animal`, `ghost`, `location`) VALUES (DEFAULT, 'Slytherin', 'Salazar Slytherin', 'Serpent', 'Bloody Baron', 'Dungeon');

COMMIT;


-- -----------------------------------------------------
-- Data for table `Hogwarts`.`House_Points`
-- -----------------------------------------------------
START TRANSACTION;
USE `Hogwarts`;
INSERT INTO `Hogwarts`.`House_Points` (`year`, `points`, `type`, `reason`, `Student_Person_idPerson1`) VALUES (1996, 50, 'Deduction', 'Arriving late', 1);
INSERT INTO `Hogwarts`.`House_Points` (`year`, `points`, `type`, `reason`, `Student_Person_idPerson1`) VALUES (1996, 20, 'Deduction', 'Wearing Muggle attire', 1);
INSERT INTO `Hogwarts`.`House_Points` (`year`, `points`, `type`, `reason`, `Student_Person_idPerson1`) VALUES (1996, 20, 'Addition', 'Knowledge of Amortentia', 2);
INSERT INTO `Hogwarts`.`House_Points` (`year`, `points`, `type`, `reason`, `Student_Person_idPerson1`) VALUES (1995, 5, 'Deduction', 'Shouting at Harry', 9);
INSERT INTO `Hogwarts`.`House_Points` (`year`, `points`, `type`, `reason`, `Student_Person_idPerson1`) VALUES (1996, 10, 'Deduction', 'Being sarcastic and disrespectful ', 3);
INSERT INTO `Hogwarts`.`House_Points` (`year`, `points`, `type`, `reason`, `Student_Person_idPerson1`) VALUES (1995, 50, 'Addition', 'For her actions during the Battle', 7);

COMMIT;


-- -----------------------------------------------------
-- Data for table `Hogwarts`.`Member`
-- -----------------------------------------------------
START TRANSACTION;
USE `Hogwarts`;
INSERT INTO `Hogwarts`.`Member` (`Person_idPerson`, `Quidditch_Team_idQuidditch`, `Position_idPosition`) VALUES (1, 1, 4);
INSERT INTO `Hogwarts`.`Member` (`Person_idPerson`, `Quidditch_Team_idQuidditch`, `Position_idPosition`) VALUES (3, 1, 1);
INSERT INTO `Hogwarts`.`Member` (`Person_idPerson`, `Quidditch_Team_idQuidditch`, `Position_idPosition`) VALUES (8, 1, 3);
INSERT INTO `Hogwarts`.`Member` (`Person_idPerson`, `Quidditch_Team_idQuidditch`, `Position_idPosition`) VALUES (9, 1, 3);
INSERT INTO `Hogwarts`.`Member` (`Person_idPerson`, `Quidditch_Team_idQuidditch`, `Position_idPosition`) VALUES (10, 1, 3);
INSERT INTO `Hogwarts`.`Member` (`Person_idPerson`, `Quidditch_Team_idQuidditch`, `Position_idPosition`) VALUES (11, 1, 2);
INSERT INTO `Hogwarts`.`Member` (`Person_idPerson`, `Quidditch_Team_idQuidditch`, `Position_idPosition`) VALUES (12, 1, 2);

COMMIT;


-- -----------------------------------------------------
-- Data for table `Hogwarts`.`Person`
-- -----------------------------------------------------
START TRANSACTION;
USE `Hogwarts`;
INSERT INTO `Hogwarts`.`Person` (`idPerson`, `first_name`, `name`, `birthyear`, `gender`, `blood_purity`) VALUES (DEFAULT, 'Harry', 'Potter', 1980, 'male', 'pure-blood');
INSERT INTO `Hogwarts`.`Person` (`idPerson`, `first_name`, `name`, `birthyear`, `gender`, `blood_purity`) VALUES (DEFAULT, 'Hermione', 'Granger', 1979, 'female', 'muggle-born');
INSERT INTO `Hogwarts`.`Person` (`idPerson`, `first_name`, `name`, `birthyear`, `gender`, `blood_purity`) VALUES (DEFAULT, 'Ron', 'Weasley', 1980, 'male', 'pure-blood');
INSERT INTO `Hogwarts`.`Person` (`idPerson`, `first_name`, `name`, `birthyear`, `gender`, `blood_purity`) VALUES (DEFAULT, 'Ginny', 'Weasley', 1981, 'female', 'pure-blood');
INSERT INTO `Hogwarts`.`Person` (`idPerson`, `first_name`, `name`, `birthyear`, `gender`, `blood_purity`) VALUES (DEFAULT, 'Neville', 'Longbottom', 1980, 'male', 'pure-blood');
INSERT INTO `Hogwarts`.`Person` (`idPerson`, `first_name`, `name`, `birthyear`, `gender`, `blood_purity`) VALUES (DEFAULT, 'Draco', 'Malfoy', 1980, 'male', 'pure-blood');
INSERT INTO `Hogwarts`.`Person` (`idPerson`, `first_name`, `name`, `birthyear`, `gender`, `blood_purity`) VALUES (DEFAULT, 'Luna', 'Lovegood', 1981, 'female', 'pure-blood');
INSERT INTO `Hogwarts`.`Person` (`idPerson`, `first_name`, `name`, `birthyear`, `gender`, `blood_purity`) VALUES (DEFAULT, 'Katie', 'Bell', 1979, 'female', 'pure-blood');
INSERT INTO `Hogwarts`.`Person` (`idPerson`, `first_name`, `name`, `birthyear`, `gender`, `blood_purity`) VALUES (DEFAULT, 'Angelina', 'Johnson', 1977, 'female', 'pure-blood');
INSERT INTO `Hogwarts`.`Person` (`idPerson`, `first_name`, `name`, `birthyear`, `gender`, `blood_purity`) VALUES (DEFAULT, 'Alicia', 'Spinnet', 1978, 'female', 'pure-blood');
INSERT INTO `Hogwarts`.`Person` (`idPerson`, `first_name`, `name`, `birthyear`, `gender`, `blood_purity`) VALUES (DEFAULT, 'Fred', 'Weasley', 1978, 'male', 'pure-blood');
INSERT INTO `Hogwarts`.`Person` (`idPerson`, `first_name`, `name`, `birthyear`, `gender`, `blood_purity`) VALUES (DEFAULT, 'George', 'Weasley', 1978, 'male', 'pure-blood');
INSERT INTO `Hogwarts`.`Person` (`idPerson`, `first_name`, `name`, `birthyear`, `gender`, `blood_purity`) VALUES (DEFAULT, 'Cedric', 'Diggory', 1977, 'male', 'pure-blood');
INSERT INTO `Hogwarts`.`Person` (`idPerson`, `first_name`, `name`, `birthyear`, `gender`, `blood_purity`) VALUES (DEFAULT, 'Remus', 'Lupin', 1960, 'male', 'half-blood');
INSERT INTO `Hogwarts`.`Person` (`idPerson`, `first_name`, `name`, `birthyear`, `gender`, `blood_purity`) VALUES (DEFAULT, 'Severus', 'Snape', 1960, 'male', 'half-blood');
INSERT INTO `Hogwarts`.`Person` (`idPerson`, `first_name`, `name`, `birthyear`, `gender`, `blood_purity`) VALUES (DEFAULT, 'Minerva', 'McGonagall', 1961, 'female', 'half-blood');
INSERT INTO `Hogwarts`.`Person` (`idPerson`, `first_name`, `name`, `birthyear`, `gender`, `blood_purity`) VALUES (DEFAULT, 'Filius', 'Flitwick', 1958, 'male', 'half-blood');
INSERT INTO `Hogwarts`.`Person` (`idPerson`, `first_name`, `name`, `birthyear`, `gender`, `blood_purity`) VALUES (DEFAULT, 'Albus', 'Dumbledore', 1881, 'male', 'half-blood');
INSERT INTO `Hogwarts`.`Person` (`idPerson`, `first_name`, `name`, `birthyear`, `gender`, `blood_purity`) VALUES (DEFAULT, 'Rubeus', 'Hagrid', 1928, 'male', 'half-blood');
INSERT INTO `Hogwarts`.`Person` (`idPerson`, `first_name`, `name`, `birthyear`, `gender`, `blood_purity`) VALUES (DEFAULT, 'Argus', 'Filch', 1951, 'male', 'squib');

COMMIT;


-- -----------------------------------------------------
-- Data for table `Hogwarts`.`Position`
-- -----------------------------------------------------
START TRANSACTION;
USE `Hogwarts`;
INSERT INTO `Hogwarts`.`Position` (`idPosition`, `position`) VALUES (DEFAULT, 'Keeper');
INSERT INTO `Hogwarts`.`Position` (`idPosition`, `position`) VALUES (DEFAULT, 'Beater');
INSERT INTO `Hogwarts`.`Position` (`idPosition`, `position`) VALUES (DEFAULT, 'Chaser');
INSERT INTO `Hogwarts`.`Position` (`idPosition`, `position`) VALUES (DEFAULT, 'Seeker');

COMMIT;


-- -----------------------------------------------------
-- Data for table `Hogwarts`.`Quidditch_Team`
-- -----------------------------------------------------
START TRANSACTION;
USE `Hogwarts`;
INSERT INTO `Hogwarts`.`Quidditch_Team` (`idQuidditch`, `name`, `House_idHouse`) VALUES (DEFAULT, 'Gryffindor', 1);
INSERT INTO `Hogwarts`.`Quidditch_Team` (`idQuidditch`, `name`, `House_idHouse`) VALUES (DEFAULT, 'Hufflepuff', 2);
INSERT INTO `Hogwarts`.`Quidditch_Team` (`idQuidditch`, `name`, `House_idHouse`) VALUES (DEFAULT, 'Ravenclaw', 3);
INSERT INTO `Hogwarts`.`Quidditch_Team` (`idQuidditch`, `name`, `House_idHouse`) VALUES (DEFAULT, 'Slytherin', 4);

COMMIT;


-- -----------------------------------------------------
-- Data for table `Hogwarts`.`Staff`
-- -----------------------------------------------------
START TRANSACTION;
USE `Hogwarts`;
INSERT INTO `Hogwarts`.`Staff` (`Person_idPerson`, `Subject_idSubject`, `job`) VALUES (18, NULL, 'Headmaster');
INSERT INTO `Hogwarts`.`Staff` (`Person_idPerson`, `Subject_idSubject`, `job`) VALUES (19, 1, 'Greenkeeper');
INSERT INTO `Hogwarts`.`Staff` (`Person_idPerson`, `Subject_idSubject`, `job`) VALUES (20, NULL, 'Caretaker');

COMMIT;


-- -----------------------------------------------------
-- Data for table `Hogwarts`.`Student`
-- -----------------------------------------------------
START TRANSACTION;
USE `Hogwarts`;
INSERT INTO `Hogwarts`.`Student` (`Person_idPerson`, `House_idHouse`, `favorite_subject`) VALUES (1, 1, 1);
INSERT INTO `Hogwarts`.`Student` (`Person_idPerson`, `House_idHouse`, `favorite_subject`) VALUES (2, 1, 5);
INSERT INTO `Hogwarts`.`Student` (`Person_idPerson`, `House_idHouse`, `favorite_subject`) VALUES (3, 1, 4);
INSERT INTO `Hogwarts`.`Student` (`Person_idPerson`, `House_idHouse`, `favorite_subject`) VALUES (4, 1, 5);
INSERT INTO `Hogwarts`.`Student` (`Person_idPerson`, `House_idHouse`, `favorite_subject`) VALUES (5, 1, 2);
INSERT INTO `Hogwarts`.`Student` (`Person_idPerson`, `House_idHouse`, `favorite_subject`) VALUES (6, 4, 3);
INSERT INTO `Hogwarts`.`Student` (`Person_idPerson`, `House_idHouse`, `favorite_subject`) VALUES (7, 3, 5);
INSERT INTO `Hogwarts`.`Student` (`Person_idPerson`, `House_idHouse`, `favorite_subject`) VALUES (8, 1, 3);
INSERT INTO `Hogwarts`.`Student` (`Person_idPerson`, `House_idHouse`, `favorite_subject`) VALUES (9, 1, 4);
INSERT INTO `Hogwarts`.`Student` (`Person_idPerson`, `House_idHouse`, `favorite_subject`) VALUES (10, 1, 4);
INSERT INTO `Hogwarts`.`Student` (`Person_idPerson`, `House_idHouse`, `favorite_subject`) VALUES (11, 1, 2);
INSERT INTO `Hogwarts`.`Student` (`Person_idPerson`, `House_idHouse`, `favorite_subject`) VALUES (12, 1, 2);
INSERT INTO `Hogwarts`.`Student` (`Person_idPerson`, `House_idHouse`, `favorite_subject`) VALUES (13, 2, 3);

COMMIT;


-- -----------------------------------------------------
-- Data for table `Hogwarts`.`Subject`
-- -----------------------------------------------------
START TRANSACTION;
USE `Hogwarts`;
INSERT INTO `Hogwarts`.`Subject` (`idSubject`, `name`) VALUES (DEFAULT, 'Dark Arts');
INSERT INTO `Hogwarts`.`Subject` (`idSubject`, `name`) VALUES (DEFAULT, 'Care of Magical Creatures');
INSERT INTO `Hogwarts`.`Subject` (`idSubject`, `name`) VALUES (DEFAULT, 'Defence Against the Dark Arts');
INSERT INTO `Hogwarts`.`Subject` (`idSubject`, `name`) VALUES (DEFAULT, 'Potions');
INSERT INTO `Hogwarts`.`Subject` (`idSubject`, `name`) VALUES (DEFAULT, 'Transfiguration');
INSERT INTO `Hogwarts`.`Subject` (`idSubject`, `name`) VALUES (DEFAULT, 'Headmaster');

COMMIT;


-- -----------------------------------------------------
-- Data for table `Hogwarts`.`Teacher`
-- -----------------------------------------------------
START TRANSACTION;
USE `Hogwarts`;
INSERT INTO `Hogwarts`.`Teacher` (`Person_idPerson`, `Subject_idSubject`, `member_orden_pheonix`) VALUES (14, 2, 1);
INSERT INTO `Hogwarts`.`Teacher` (`Person_idPerson`, `Subject_idSubject`, `member_orden_pheonix`) VALUES (15, 3, NULL);
INSERT INTO `Hogwarts`.`Teacher` (`Person_idPerson`, `Subject_idSubject`, `member_orden_pheonix`) VALUES (16, 4, 1);
INSERT INTO `Hogwarts`.`Teacher` (`Person_idPerson`, `Subject_idSubject`, `member_orden_pheonix`) VALUES (17, 5, NULL);

COMMIT;

CREATE USER 'restapi'@'localhost' IDENTIFIED BY 'sN24*tqNP7bzBSe4@yw&';
GRANT ALL PRIVILEGES ON *.* TO 'restapi'@'localhost' WITH GRANT OPTION;


SET SQL_MODE=@OLD_SQL_MODE;
SET FOREIGN_KEY_CHECKS=@OLD_FOREIGN_KEY_CHECKS;
SET UNIQUE_CHECKS=@OLD_UNIQUE_CHECKS;
